{
    "name": "MAVLink v2 C library", 
    "keywords": [
        "mavlink", 
        "uav", 
        "drone", 
        "ardupilot"
    ], 
    "description": "Official reference C / C++ library for the v2 protocol", 
    "repository": {
        "type": "git", 
        "url": "https://github.com/mavlink/c_library_v2.git"
    }, 
    "version": "2.0", 
    "platforms": [
        "aceinna_imu", 
        "atmelavr", 
        "atmelsam", 
        "espressif32", 
        "espressif8266", 
        "freescalekinetis", 
        "infineonxmc", 
        "intel_arc32", 
        "intel_mcs51", 
        "kendryte210", 
        "lattice_ice40", 
        "linux_arm", 
        "linux_i686", 
        "linux_x86_64", 
        "maxim32", 
        "microchippic32", 
        "native", 
        "nordicnrf51", 
        "nordicnrf52", 
        "nxplpc", 
        "riscv", 
        "riscv_gap", 
        "samsung_artik", 
        "siliconlabsefm32", 
        "ststm32", 
        "ststm8", 
        "teensy", 
        "timsp430", 
        "titiva", 
        "windows_x86", 
        "wiznet7500"
    ], 
    "authors": [
        {
            "email": "lorenz@px4.io", 
            "url": "https://github.com/mavlink", 
            "maintainer": false, 
            "name": "MAVLink Micro Air Vehicle Protocol"
        }
    ], 
    "frameworks": [], 
    "id": 6412
}